Pedigree,Sample,Marker,Allele_1,Allele_2,Allele_3,Allele_4,Allele_5,Allele_6
Example_mr,L,DYF1000,47,49,65.1,71.1,,
Example_mr,D,DYF1000,47,49,65.1,71.1,,
Example_mr,B,DYF1000,47,49,65.1,71.1,,
Example_mr,E,DYF1000,47,49,65.1,71.1,,
Example_mr,J,DYF1000,47,49,65.1,71.1,,
Example_mr,C,DYF1000,47,49,65.1,70.1,,
Example_mr,G,DYF1000,47,49,65.1,71.1,,
Example_mr,F,DYF1000,47,49,65.1,71.1,,
Example_mr,I,DYF1000,47,49,65.1,71.1,,
Example_mr,K,DYF1000,47,49,65.1,71.1,,
Example_mr,H,DYF1000,47,50,65.1,71.1,,
Example_mr,A,DYF1000,47,49,65.1,70.1,,
Example_mr,L,DYF399S1,20,21,24,,,
Example_mr,D,DYF399S1,21,24,,,,
Example_mr,B,DYF399S1,21,24,,,,
Example_mr,E,DYF399S1,21,24,,,,
Example_mr,J,DYF399S1,21,25,,,,
Example_mr,C,DYF399S1,21,24,,,,
Example_mr,G,DYF399S1,21,24,,,,
Example_mr,F,DYF399S1,21,24,,,,
Example_mr,I,DYF399S1,21,24,,,,
Example_mr,K,DYF399S1,21,24,,,,
Example_mr,H,DYF399S1,21,24,,,,
Example_mr,A,DYF399S1,21,24,,,,
Example_mr,L,DYF404S1,15,16,,,,
Example_mr,D,DYF404S1,15,16,,,,
Example_mr,B,DYF404S1,15,16,,,,
Example_mr,E,DYF404S1,15,16,,,,
Example_mr,J,DYF404S1,15,,,,,
Example_mr,C,DYF404S1,15,16,,,,
Example_mr,G,DYF404S1,15,16,,,,
Example_mr,F,DYF404S1,15,16,,,,
Example_mr,I,DYF404S1,15,16,,,,
Example_mr,K,DYF404S1,15,16,,,,
Example_mr,H,DYF404S1,15,16,,,,
Example_mr,A,DYF404S1,15,16,,,,
Example_mr,L,DYF1001,56,66,68.2,,,
Example_mr,D,DYF1001,56,66,67.2,,,
Example_mr,B,DYF1001,56,66,68.2,,,
Example_mr,E,DYF1001,56,66,68.2,,,
Example_mr,J,DYF1001,56,66,68.2,,,
Example_mr,C,DYF1001,56,66,68.2,,,
Example_mr,G,DYF1001,56,66,68.2,,,
Example_mr,F,DYF1001,56,66,68.2,,,
Example_mr,I,DYF1001,56,66,68.2,,,
Example_mr,K,DYF1001,56,66,68.2,,,
Example_mr,H,DYF1001,56,66,68.2,,,
Example_mr,A,DYF1001,56,66,68.2,,,
Example_mr,L,DYS1007,36.1,,,,,
Example_mr,D,DYS1007,37.1,,,,,
Example_mr,B,DYS1007,36.1,,,,,
Example_mr,E,DYS1007,36.1,,,,,
Example_mr,J,DYS1007,36.1,,,,,
Example_mr,C,DYS1007,36.1,,,,,
Example_mr,G,DYS1007,36.1,,,,,
Example_mr,F,DYS1007,36.1,,,,,
Example_mr,I,DYS1007,36.1,,,,,
Example_mr,K,DYS1007,36.1,,,,,
Example_mr,H,DYS1007,36.1,,,,,
Example_mr,A,DYS1007,36.1,,,,,
Example_mr,L,DYS1010,32.2,,,,,
Example_mr,D,DYS1010,33.2,,,,,
Example_mr,B,DYS1010,32.2,,,,,
Example_mr,E,DYS1010,32.2,,,,,
Example_mr,J,DYS1010,32.2,,,,,
Example_mr,C,DYS1010,32.2,,,,,
Example_mr,G,DYS1010,32.2,,,,,
Example_mr,F,DYS1010,32.2,,,,,
Example_mr,I,DYS1010,32.2,,,,,
Example_mr,K,DYS1010,32.2,,,,,
Example_mr,H,DYS1010,32.2,,,,,
Example_mr,A,DYS1010,32.2,,,,,
Example_mr,L,DYS626,35,,,,,
Example_mr,D,DYS626,34,,,,,
Example_mr,B,DYS626,34,,,,,
Example_mr,E,DYS626,34,,,,,
Example_mr,J,DYS626,34,,,,,
Example_mr,C,DYS626,34,,,,,
Example_mr,G,DYS626,35,,,,,
Example_mr,F,DYS626,34,,,,,
Example_mr,I,DYS626,34,,,,,
Example_mr,K,DYS626,34,,,,,
Example_mr,H,DYS626,34,,,,,
Example_mr,A,DYS626,34,,,,,
Example_mr,L,DYS711,66,,,,,
Example_mr,D,DYS711,66,,,,,
Example_mr,B,DYS711,66,,,,,
Example_mr,E,DYS711,66,,,,,
Example_mr,J,DYS711,66,,,,,
Example_mr,C,DYS711,65,,,,,
Example_mr,G,DYS711,66,,,,,
Example_mr,F,DYS711,66,,,,,
Example_mr,I,DYS711,66,,,,,
Example_mr,K,DYS711,66,,,,,
Example_mr,H,DYS711,66,,,,,
Example_mr,A,DYS711,65,,,,,
Example_mr,L,DYS724,40,41,,,,
Example_mr,D,DYS724,40,41,,,,
Example_mr,B,DYS724,40,41,,,,
Example_mr,E,DYS724,40,41,,,,
Example_mr,J,DYS724,40,41,,,,
Example_mr,C,DYS724,40,42,,,,
Example_mr,G,DYS724,40,41,,,,
Example_mr,F,DYS724,40,41,,,,
Example_mr,I,DYS724,41,,,,,
Example_mr,K,DYS724,40,41,,,,
Example_mr,H,DYS724,40,41,,,,
Example_mr,A,DYS724,40,42,,,,
